<?xml version="1.0" encoding="UTF-8"?>
<!DOCTYPE configuration PUBLIC "-//mybatis.org//DTD Config 3.0//EN"
"http://mybatis.org/dtd/mybatis-3-config.dtd">

<configuration>
	<settings>
		<setting name="jdbcTypeForNull" value="NULL" />
	</settings>

	<mappers>
		<mapper resource="/mapper/member-Mapper.xml"/>
		<mapper resource="/mapper/admin-Mapper.xml"/>
		<mapper resource="/mapper/common-Mapper.xml"/>
		<mapper resource="/mapper/ticket-Mapper.xml"/>
	</mappers>
</configuration>








