<?xml version="1.0" encoding="UTF-8"?>
<!DOCTYPE tiles-definitions PUBLIC "-//Apache Software Foundation//DTD Tiles Configuration 3.0//EN" "http://tiles.apache.org/dtds/tiles-config_3_0.dtd">

<tiles-definitions>
	<definition name="baseLayout" template="/WEB-INF/views/template/template.jsp">
		<put-attribute name="title" value="KH Airline"/>
		<put-attribute name="menu" value="/WEB-INF/views/menu/menu.jsp"/>
		<put-attribute name="body" value=""/>
	</definition>
	
	<definition name="adminLayout" template="/WEB-INF/views/template/admin_template.jsp">
		<put-attribute name="title" value="KH Airline"/>
		<put-attribute name="menu" value="/WEB-INF/views/template/admin_menu.jsp"/>
		<put-attribute name="side" value="/WEB-INF/views/template/admin_side.jsp"/>
		<put-attribute name="body" value=""/>
	</definition>
	<!--멤버 레이아웃  -->
	<definition name="memberLayout" template="/WEB-INF/views/template/member_template.jsp">
		<put-attribute name="title" value="KH Airline"/>
		<put-attribute name="menu" value="/WEB-INF/views/menu/menu.jsp"/>
		<put-attribute name="side" value="/WEB-INF/views/side/member_side.jsp"/>
		<put-attribute name="body" value=""/>
	</definition>
	
	<definition name="admin/*" extends="adminLayout">
		<put-attribute name="body" value="/WEB-INF/views/admin/{1}.jsp"/>
	</definition>
	
	<definition name="member/*" extends="memberLayout">
		<put-attribute name="body" value="/WEB-INF/views/member/{1}.jsp"/>
	</definition>
	
	<definition name="*/*" extends="baseLayout">
		<put-attribute name="body" value="/WEB-INF/views/{1}/{2}.jsp"/>
	</definition>
	
</tiles-definitions>




















